id	memberId	kostId	roomId	status	notes	createdAt	updatedAt
inq-rina	mbr-rina	kost-casa	room-casa-a-03	CLOSED_WON		2026-01-05T09:30:00.000Z	2026-01-12T09:00:00.000Z
inq-nadia	mbr-nadia	kost-casa	room-casa-a-05	NEW		2026-10-01T07:45:00.000Z	2026-10-01T07:45:00.000Z
inq-yoga	mbr-yoga	kost-sumbersari	room-sumbersari-a-02	CONTACTED	Survey dijadwalkan Sabtu pukul 10.00	2026-09-26T13:10:00.000Z	2026-09-27T08:00:00.000Z
inq-andre	mbr-andre	kost-dinoyo	room-dinoyo-a-03	CLOSED_LOST	Memilih kost lain lebih dekat kantor	2026-09-10T10:15:00.000Z	2026-09-14T10:00:00.000Z
inq-putri	mbr-putri	kost-kalpataru	room-kalpataru-a-03	NEW		2026-09-30T15:20:00.000Z	2026-09-30T15:20:00.000Z
inq-l1	mbr-l01	kost-casa	room-casa-a-05	CLOSED_LOST	Belum cocok dengan budget	2026-05-05T15:00:00.000Z	2026-05-08T15:00:00.000Z
inq-l2	mbr-l02	kost-casa	room-casa-b-05	CLOSED_LOST	Belum cocok dengan budget	2026-05-20T15:00:00.000Z	2026-05-23T15:00:00.000Z
inq-l3	mbr-l03	kost-sigura	room-sigura-a-03	CONTACTED		2026-05-30T15:00:00.000Z	2026-06-02T15:00:00.000Z
inq-l4	mbr-l04	kost-ketawang	room-ketawang-b-03	CLOSED_LOST	Belum cocok dengan budget	2026-06-07T15:00:00.000Z	2026-06-10T15:00:00.000Z
inq-l5	mbr-l05	kost-sumbersari	room-sumbersari-b-04	CLOSED_LOST	Belum cocok dengan budget	2026-06-13T15:00:00.000Z	2026-06-16T15:00:00.000Z
inq-l6	mbr-l06	kost-tlogomas	room-tlogomas-b-03	CLOSED_LOST	Belum cocok dengan budget	2026-06-22T15:00:00.000Z	2026-06-25T15:00:00.000Z
inq-l8	mbr-l08	kost-ketawang	room-ketawang-a-03	CLOSED_LOST	Belum cocok dengan budget	2026-07-14T15:00:00.000Z	2026-07-17T15:00:00.000Z
inq-l9	mbr-l09	kost-casa	room-casa-b-02	CONTACTED		2026-07-26T15:00:00.000Z	2026-07-29T15:00:00.000Z
inq-l10	mbr-l10	kost-ketawang	room-ketawang-b-03	CONTACTED		2026-08-04T15:00:00.000Z	2026-08-07T15:00:00.000Z
inq-l11	mbr-l11	kost-casa	room-casa-b-05	CONTACTED		2026-08-18T15:00:00.000Z	2026-08-21T15:00:00.000Z
inq-l12	mbr-l12	kost-kalpataru	room-kalpataru-b-03	CLOSED_LOST	Belum cocok dengan budget	2026-08-21T15:00:00.000Z	2026-08-24T15:00:00.000Z
inq-l13	mbr-l13	kost-sigura	room-sigura-a-03	NEW		2026-08-31T15:00:00.000Z	2026-09-03T15:00:00.000Z
inq-l15	mbr-l15	kost-ketawang	room-ketawang-b-05	NEW		2026-09-25T15:00:00.000Z	2026-09-28T15:00:00.000Z
