id	number	memberId	kind	bookingId	leaseId	roomId	date	dueDate	months	monthlyPrice	rent	deposit	total	status	note	exportedAt	createdAt
inv-bagus-1	INV-BRAVE-II-2025-0001	mbr-bagus	SEWA_BARU		lease-bagus	room-joyo-a-01	2025-02-13	2025-02-15	12	900000	10800000	900000	11700000	LUNAS		2025-02-14T02:00:00.000Z	2025-02-13T09:00:00.000Z
inv-citra-1	INV-BRAVE-V-2025-0001	mbr-citra	SEWA_BARU		lease-citra-old	room-tlogomas-b-01	2025-05-08	2025-05-10	12	1250000	15000000	1250000	16250000	LUNAS		2025-05-09T02:00:00.000Z	2025-05-08T09:00:00.000Z
inv-fajar-1	INV-BRAVE-IX-2025-0001	mbr-fajar	SEWA_BARU		lease-fajar	room-ketawang-a-05	2025-09-23	2025-09-25	6	1450000	8700000	1450000	10150000	LUNAS		2025-09-24T02:00:00.000Z	2025-09-23T09:00:00.000Z
inv-g59	INV-BRAVE-X-2025-0001	mbr-g06	SEWA_BARU		lease-g6	room-sigura-a-01	2025-10-04	2025-10-06	3	1000000	3000000	1000000	4000000	LUNAS		2025-10-05T02:00:00.000Z	2025-10-04T13:00:00.000Z
inv-g1623	INV-BRAVE-X-2025-0002	mbr-g17	SEWA_BARU		lease-g17	room-sumbersari-b-01	2025-10-13	2025-10-15	6	1150000	6900000	1150000	8050000	LUNAS		2025-10-14T02:00:00.000Z	2025-10-13T14:00:00.000Z
inv-g2635	INV-BRAVE-XI-2025-0001	mbr-g27	SEWA_BARU		lease-g27	room-joyo-a-03	2025-11-27	2025-11-29	6	900000	5400000	900000	6300000	LUNAS		2025-11-28T02:00:00.000Z	2025-11-27T14:00:00.000Z
inv-g13	INV-BRAVE-XII-2025-0001	mbr-g02	SEWA_BARU		lease-g2	room-casa-a-02	2025-12-15	2025-12-17	3	1300000	3900000	1300000	5200000	LUNAS		2025-12-16T02:00:00.000Z	2025-12-15T09:00:00.000Z
inv-g510	INV-BRAVE-I-2026-0001	mbr-g06	PERPANJANGAN		lease-g6	room-sigura-a-01	2026-01-04	2026-01-04	6	1000000	6000000	0	6000000	LUNAS		2026-01-05T02:00:00.000Z	2026-01-04T13:00:00.000Z
inv-rina-1	INV-BRAVE-I-2026-0002	mbr-rina	SEWA_BARU		lease-rina	room-casa-a-03	2026-01-10	2026-01-12	4	1300000	5200000	1300000	6500000	LUNAS		2026-01-11T02:00:00.000Z	2026-01-10T09:00:00.000Z
inv-g1828	INV-BRAVE-I-2026-0003	mbr-g19	SEWA_BARU		lease-g19	room-sumbersari-b-03	2026-01-13	2026-01-15	6	1150000	6900000	1150000	8050000	LUNAS		2026-01-14T02:00:00.000Z	2026-01-13T16:00:00.000Z
inv-bagus-2	INV-BRAVE-II-2026-0001	mbr-bagus	PERPANJANGAN		lease-bagus	room-joyo-a-01	2026-02-12	2026-02-12	12	900000	10800000	0	10800000	LUNAS		2026-02-13T02:00:00.000Z	2026-02-12T09:00:00.000Z
inv-g1218	INV-BRAVE-II-2026-0002	mbr-g13	SEWA_BARU		lease-g13	room-kalpataru-a-02	2026-02-20	2026-02-22	6	1600000	9600000	1600000	11200000	LUNAS		2026-02-21T02:00:00.000Z	2026-02-20T10:00:00.000Z
inv-g813	INV-BRAVE-II-2026-0003	mbr-g09	SEWA_BARU		lease-g9	room-ketawang-a-01	2026-02-21	2026-02-23	6	1450000	8700000	1450000	10150000	LUNAS		2026-02-22T02:00:00.000Z	2026-02-21T16:00:00.000Z
inv-g00	INV-BRAVE-III-2026-0001	mbr-g01	SEWA_BARU		lease-g1	room-casa-a-01	2026-03-03	2026-03-05	3	1300000	3900000	1300000	5200000	LUNAS		2026-03-04T02:00:00.000Z	2026-03-03T08:00:00.000Z
inv-dimas-1	INV-BRAVE-III-2026-0002	mbr-dimas	SEWA_BARU		lease-dimas	room-sigura-b-02	2026-03-08	2026-03-10	3	1250000	3750000	1250000	5000000	LUNAS		2026-03-09T02:00:00.000Z	2026-03-08T09:00:00.000Z
inv-g14	INV-BRAVE-III-2026-0003	mbr-g02	PERPANJANGAN		lease-g2	room-casa-a-02	2026-03-15	2026-03-15	6	1300000	7800000	0	7800000	LUNAS		2026-03-16T02:00:00.000Z	2026-03-15T09:00:00.000Z
inv-fajar-2	INV-BRAVE-III-2026-0004	mbr-fajar	PERPANJANGAN		lease-fajar	room-ketawang-a-05	2026-03-23	2026-03-23	6	1450000	8700000	0	8700000	LUNAS		2026-03-24T02:00:00.000Z	2026-03-23T09:00:00.000Z
inv-g915	INV-BRAVE-III-2026-0005	mbr-g10	SEWA_BARU		lease-g10	room-ketawang-a-02	2026-03-25	2026-03-26	6	1450000	8700000	1450000	10150000	LUNAS		2026-03-26T02:00:00.000Z	2026-03-24T17:00:00.000Z
inv-g47	INV-BRAVE-III-2026-0006	mbr-g05	SEWA_BARU		lease-g5	room-casa-b-03	2026-03-25	2026-03-27	6	1600000	9600000	1600000	11200000	LUNAS		2026-03-26T02:00:00.000Z	2026-03-25T12:00:00.000Z
inv-g2131	INV-BRAVE-IV-2026-0001	mbr-g22	SEWA_BARU		lease-g22	room-tlogomas-a-01	2026-04-02	2026-04-04	12	1050000	12600000	1050000	13650000	LUNAS		2026-04-03T02:00:00.000Z	2026-04-02T09:00:00.000Z
inv-g1624	INV-BRAVE-IV-2026-0002	mbr-g17	PERPANJANGAN		lease-g17	room-sumbersari-b-01	2026-04-13	2026-04-13	3	1150000	3450000	0	3450000	LUNAS		2026-04-14T02:00:00.000Z	2026-04-13T14:00:00.000Z
inv-g2534	INV-BRAVE-IV-2026-0003	mbr-g26	SEWA_BARU		lease-g26	room-joyo-a-02	2026-04-28	2026-04-30	12	900000	10800000	900000	11700000	LUNAS		2026-04-29T02:00:00.000Z	2026-04-28T13:00:00.000Z
inv-g1422	INV-BRAVE-V-2026-0001	mbr-g15	SEWA_BARU		lease-g15	room-sumbersari-a-03	2026-05-03	2026-05-05	6	950000	5700000	950000	6650000	LUNAS		2026-05-04T02:00:00.000Z	2026-05-03T12:00:00.000Z
inv-1a2b3c4d	INV-BRAVE-V-2026-0002	mbr-rina	PERPANJANGAN		lease-rina	room-casa-a-03	2026-05-10	2026-05-10	6	1300000	7800000	0	7800000	LUNAS		2026-05-11T02:00:00.000Z	2026-05-10T09:00:00.000Z
inv-g2636	INV-BRAVE-V-2026-0003	mbr-g27	PERPANJANGAN		lease-g27	room-joyo-a-03	2026-05-27	2026-05-27	6	900000	5400000	0	5400000	LUNAS		2026-05-28T02:00:00.000Z	2026-05-27T14:00:00.000Z
inv-g01	INV-BRAVE-VI-2026-0001	mbr-g01	PERPANJANGAN		lease-g1	room-casa-a-01	2026-06-03	2026-06-03	3	1300000	3900000	0	3900000	LUNAS		2026-06-04T02:00:00.000Z	2026-06-03T08:00:00.000Z
inv-dimas-2	INV-BRAVE-VI-2026-0002	mbr-dimas	PERPANJANGAN		lease-dimas	room-sigura-b-02	2026-06-08	2026-06-08	3	1250000	3750000	0	3750000	LUNAS		2026-06-09T02:00:00.000Z	2026-06-08T09:00:00.000Z
inv-g2938	INV-BRAVE-VI-2026-0003	mbr-g30	SEWA_BARU		lease-g30	room-joyo-b-03	2026-06-14	2026-06-15	6	1050000	6300000	1050000	7350000	LUNAS		2026-06-15T02:00:00.000Z	2026-06-13T17:00:00.000Z
inv-g511	INV-BRAVE-VII-2026-0001	mbr-g06	PERPANJANGAN		lease-g6	room-sigura-a-01	2026-07-04	2026-07-04	6	1000000	6000000	0	6000000	LUNAS		2026-07-05T02:00:00.000Z	2026-07-04T13:00:00.000Z
inv-g1625	INV-BRAVE-VII-2026-0002	mbr-g17	PERPANJANGAN		lease-g17	room-sumbersari-b-01	2026-07-13	2026-07-13	3	1150000	3450000	0	3450000	LUNAS		2026-07-14T02:00:00.000Z	2026-07-13T14:00:00.000Z
inv-g1829	INV-BRAVE-VII-2026-0003	mbr-g19	PERPANJANGAN		lease-g19	room-sumbersari-b-03	2026-07-13	2026-07-13	12	1150000	13800000	0	13800000	LUNAS		2026-07-14T02:00:00.000Z	2026-07-13T16:00:00.000Z
inv-g1321	INV-BRAVE-VII-2026-0004	mbr-g14	SEWA_BARU		lease-g14	room-sumbersari-a-01	2026-07-15	2026-07-17	6	950000	5700000	950000	6650000	LUNAS		2026-07-16T02:00:00.000Z	2026-07-15T11:00:00.000Z
inv-g612	INV-BRAVE-VII-2026-0005	mbr-g07	SEWA_BARU		lease-g7	room-sigura-b-03	2026-07-23	2026-07-25	12	1250000	15000000	1250000	16250000	LUNAS		2026-07-24T02:00:00.000Z	2026-07-23T14:00:00.000Z
inv-g2837	INV-BRAVE-VIII-2026-0001	mbr-g29	SEWA_BARU		lease-g29	room-joyo-b-02	2026-08-02	2026-08-04	6	1050000	6300000	1050000	7350000	LUNAS		2026-08-03T02:00:00.000Z	2026-08-02T16:00:00.000Z
inv-g2433	INV-BRAVE-VIII-2026-0002	mbr-g25	SEWA_BARU		lease-g25	room-tlogomas-b-02	2026-08-13	2026-08-15	12	1250000	15000000	1250000	16250000	LUNAS		2026-08-14T02:00:00.000Z	2026-08-13T12:00:00.000Z
inv-g1219	INV-BRAVE-VIII-2026-0003	mbr-g13	PERPANJANGAN		lease-g13	room-kalpataru-a-02	2026-08-20	2026-08-20	1	1600000	1600000	0	1600000	LUNAS		2026-08-21T02:00:00.000Z	2026-08-20T10:00:00.000Z
inv-g814	INV-BRAVE-VIII-2026-0004	mbr-g09	PERPANJANGAN		lease-g9	room-ketawang-a-01	2026-08-21	2026-08-21	3	1450000	4350000	0	4350000	LUNAS		2026-08-22T02:00:00.000Z	2026-08-21T16:00:00.000Z
inv-g1726	INV-BRAVE-VIII-2026-0005	mbr-g18	SEWA_BARU		lease-g18	room-sumbersari-b-02	2026-08-29	2026-08-31	1	1150000	1150000	1150000	2300000	LUNAS		2026-08-30T02:00:00.000Z	2026-08-29T15:00:00.000Z
inv-g26	INV-BRAVE-VIII-2026-0006	mbr-g03	SEWA_BARU		lease-g3	room-casa-a-04	2026-08-30	2026-09-01	12	1300000	15600000	1300000	16900000	LUNAS		2026-08-31T02:00:00.000Z	2026-08-30T10:00:00.000Z
inv-g02	INV-BRAVE-IX-2026-0001	mbr-g01	PERPANJANGAN		lease-g1	room-casa-a-01	2026-09-03	2026-09-03	3	1300000	3900000	0	3900000	LUNAS		2026-09-04T02:00:00.000Z	2026-09-03T08:00:00.000Z
inv-g2232	INV-BRAVE-IX-2026-0002	mbr-g23	SEWA_BARU		lease-g23	room-tlogomas-a-02	2026-09-05	2026-09-07	12	1050000	12600000	1050000	13650000	LUNAS		2026-09-06T02:00:00.000Z	2026-09-05T10:00:00.000Z
inv-dimas-3	INV-BRAVE-IX-2026-0003	mbr-dimas	PERPANJANGAN		lease-dimas	room-sigura-b-02	2026-09-08	2026-09-08	1	1250000	1250000	0	1250000	LUNAS		2026-09-09T02:00:00.000Z	2026-09-08T09:00:00.000Z
inv-g1017	INV-BRAVE-IX-2026-0004	mbr-g11	SEWA_BARU		lease-g11	room-ketawang-b-01	2026-09-09	2026-09-11	3	1750000	5250000	1750000	7000000	LUNAS		2026-09-10T02:00:00.000Z	2026-09-09T08:00:00.000Z
inv-g2030	INV-BRAVE-IX-2026-0005	mbr-g21	SEWA_BARU		lease-g21	room-dinoyo-a-02	2026-09-15	2026-09-17	6	1750000	10500000	1750000	12250000	LUNAS		2026-09-16T02:00:00.000Z	2026-09-15T08:00:00.000Z
inv-g15	INV-BRAVE-IX-2026-0006	mbr-g02	PERPANJANGAN		lease-g2	room-casa-a-02	2026-09-15	2026-09-15	12	1300000	15600000	0	15600000	LUNAS		2026-09-16T02:00:00.000Z	2026-09-15T09:00:00.000Z
inv-g1220	INV-BRAVE-IX-2026-0007	mbr-g13	PERPANJANGAN		lease-g13	room-kalpataru-a-02	2026-09-20	2026-09-20	3	1600000	4800000	0	4800000	LUNAS		2026-09-21T02:00:00.000Z	2026-09-20T10:00:00.000Z
inv-9e8d7c6b	INV-BRAVE-IX-2026-0008	mbr-fajar	PERPANJANGAN		lease-fajar	room-ketawang-a-05	2026-09-23	2026-09-23	1	1450000	1450000	0	1450000	BATAL	Bukti ditolak: Nominal transfer kurang Rp100.000	2026-09-24T02:00:00.000Z	2026-09-23T09:00:00.000Z
inv-g916	INV-BRAVE-IX-2026-0009	mbr-g10	PERPANJANGAN		lease-g10	room-ketawang-a-02	2026-09-25	2026-09-25	3	1450000	4350000	0	4350000	LUNAS		2026-09-26T02:00:00.000Z	2026-09-24T17:00:00.000Z
inv-g48	INV-BRAVE-IX-2026-0010	mbr-g05	PERPANJANGAN		lease-g5	room-casa-b-03	2026-09-25	2026-09-25	6	1600000	9600000	0	9600000	LUNAS		2026-09-26T02:00:00.000Z	2026-09-25T12:00:00.000Z
inv-salsa-1	INV-BRAVE-IX-2026-0011	mbr-salsa	SEWA_BARU		lease-salsa	room-kalpataru-a-01	2026-09-26	2026-09-28	1	1600000	1600000	1600000	3200000	LUNAS		2026-09-27T02:00:00.000Z	2026-09-26T09:00:00.000Z
inv-g1727	INV-BRAVE-IX-2026-0012	mbr-g18	PERPANJANGAN		lease-g18	room-sumbersari-b-02	2026-09-28	2026-09-28	1	1150000	1150000	0	1150000	LUNAS		2026-09-29T02:00:00.000Z	2026-09-28T15:00:00.000Z
inv-citra	INV-BRAVE-IX-2026-0013	mbr-citra	SEWA_BARU	bk-citra		room-ketawang-a-03	2026-09-29	2026-10-09	1	1450000	1450000	200000	1650000	SEBAGIAN		2026-09-30T02:00:00.000Z	2026-09-29T02:00:00.000Z
inv-yoga	INV-BRAVE-X-2026-0001	mbr-yoga	SEWA_BARU	bk-yoga		room-sumbersari-a-02	2026-10-03	2026-10-20	6	950000	5700000	200000	5900000	SEBAGIAN			2026-10-03T03:00:00.000Z
inv-putri	INV-BRAVE-X-2026-0002	mbr-putri	SEWA_BARU	bk-putri		room-kalpataru-a-03	2026-10-05	2026-10-15	3	1600000	4800000	200000	5000000	BELUM_LUNAS			2026-10-05T00:30:00.000Z
inv-7f3a91c2	INV-BRAVE-X-2026-0003	mbr-dimas	PERPANJANGAN		lease-dimas	room-sigura-b-02	2026-10-05	2026-10-10	3	1250000	3750000	0	3750000	BELUM_LUNAS			2026-10-05T09:00:00.000Z
