id	name	whatsapp	email	password	role	mustChangePassword	source	consentAt	createdAt
mbr-rina	Rina Aulia	6281234560001	rina@example.com	7374acb7869034a9:6b4c6f9cb346908faa96c0e5e5392e0fcfd6cc63ceeb1316ca84efab365e33c0	RESIDENT	false	catalog	2026-01-05T09:00:00.000Z	2025-12-20T10:00:00.000Z
mbr-dimas	Dimas Pratama	6281234560002	dimas@example.com	124a79aca80810b2:a07b555ce2ec7bf2866683bd4111145954b7c0437e60fa2379c08119e10d4e7b	RESIDENT	false	catalog	2026-01-05T09:00:00.000Z	2026-03-01T10:00:00.000Z
mbr-salsa	Salsabila Putri	6281234560003	salsa@example.com	e21b2db61bb3582b:290c0ac2c581b0ea32f5baac3e09dcdb601697e4ca2a50cae5a9b95b1dc4bef3	RESIDENT	false	catalog	2026-01-05T09:00:00.000Z	2026-09-15T10:00:00.000Z
mbr-fajar	Fajar Nugroho	6281234560004		8df0f97839b1f606:e1df8e9a029fb878eab3fb337dfbbcf3581b25fe6b2f9bb201192d8081baa80e	RESIDENT	false	catalog	2026-01-05T09:00:00.000Z	2025-08-25T10:00:00.000Z
mbr-ayu	Ayu Lestari	6281234560005		c66b5f14be4ae44a:ca063ed930d485482329f5edaa36f0eb8dee27605c979c506308b1b0eabbe275	RESIDENT	true	direct_add		2026-09-30T10:00:00.000Z
mbr-bagus	Bagus Santoso	6281234560006	bagus@example.com	caa3d7e691888f41:7007d562781350ef49f7bbe0f342f826b9606fcd5ec8af38ed855139cd86af47	RESIDENT	false	catalog	2026-01-05T09:00:00.000Z	2025-02-10T10:00:00.000Z
mbr-nadia	Nadia Rahma	6281234560007	nadia@example.com	037437c688682b8e:7f4bbdd70404d2c442a01ebb527c418c81b86988fc0e806bdaa4583757cda34a	PROSPECT	false	catalog	2026-01-05T09:00:00.000Z	2026-10-01T07:30:00.000Z
mbr-yoga	Yoga Firmansyah	6281234560008		5a4a848626f110d6:9d162489bd0d6c73c3ceba04f3b1c1440a844e9b7c1308be7f8daa4d8617fd1f	PROSPECT	false	catalog	2026-01-05T09:00:00.000Z	2026-09-26T13:00:00.000Z
mbr-citra	Citra Maharani	6281234560009	citra@example.com	9d11f108e6fed48f:1b1ac76446760fbc24362092ed9e1be3bcd0506a2d05cb7130d1bf47fb08edc2	PROSPECT	false	catalog	2026-01-05T09:00:00.000Z	2025-05-02T10:00:00.000Z
mbr-andre	Andre Wijaya	6281234560010		7d59550070b8b558:1b3fa1f1eb2b7cac04cac1f57fc69591349b338fb81eb7102631554ee93ad221	PROSPECT	false	catalog	2026-01-05T09:00:00.000Z	2026-09-10T10:00:00.000Z
mbr-putri	Putri Ananda	6281234560011	putri@example.com	6616b3295949d1f2:8f3b86de9a921a27bf94ea5e861cd3ba753de4ff029bacdc124a29e3d854832b	PROSPECT	false	catalog	2026-01-05T09:00:00.000Z	2026-09-30T15:00:00.000Z
mbr-g01	Aditya Saputra	6281234561200		7374acb7869034a9:6b4c6f9cb346908faa96c0e5e5392e0fcfd6cc63ceeb1316ca84efab365e33c0	RESIDENT	false	catalog	2026-02-28T09:00:00.000Z	2026-02-11T09:00:00.000Z
mbr-g02	Bella Kartika	6281234561201		7374acb7869034a9:6b4c6f9cb346908faa96c0e5e5392e0fcfd6cc63ceeb1316ca84efab365e33c0	RESIDENT	false	catalog	2025-12-12T09:00:00.000Z	2025-12-07T09:00:00.000Z
mbr-g03	Chandra Wijaya	6281234561202		7374acb7869034a9:6b4c6f9cb346908faa96c0e5e5392e0fcfd6cc63ceeb1316ca84efab365e33c0	RESIDENT	false	catalog	2026-08-27T09:00:00.000Z	2026-08-16T09:00:00.000Z
mbr-g05	Eko Prasetyo	6281234561204		7374acb7869034a9:6b4c6f9cb346908faa96c0e5e5392e0fcfd6cc63ceeb1316ca84efab365e33c0	RESIDENT	false	catalog	2026-03-22T09:00:00.000Z	2026-03-08T09:00:00.000Z
mbr-g06	Fitri Handayani	6281234561205		7374acb7869034a9:6b4c6f9cb346908faa96c0e5e5392e0fcfd6cc63ceeb1316ca84efab365e33c0	RESIDENT	false	catalog	2025-10-01T09:00:00.000Z	2025-09-20T09:00:00.000Z
mbr-g07	Gilang Ramadhan	6281234561206		7374acb7869034a9:6b4c6f9cb346908faa96c0e5e5392e0fcfd6cc63ceeb1316ca84efab365e33c0	RESIDENT	false	catalog	2026-07-20T09:00:00.000Z	2026-07-06T09:00:00.000Z
mbr-g09	Irfan Maulana	6281234561208		7374acb7869034a9:6b4c6f9cb346908faa96c0e5e5392e0fcfd6cc63ceeb1316ca84efab365e33c0	RESIDENT	false	catalog	2026-02-18T09:00:00.000Z	2026-02-11T09:00:00.000Z
mbr-g10	Jihan Salsabila	6281234561209		7374acb7869034a9:6b4c6f9cb346908faa96c0e5e5392e0fcfd6cc63ceeb1316ca84efab365e33c0	RESIDENT	false	catalog	2026-03-21T09:00:00.000Z	2026-03-19T09:00:00.000Z
mbr-g11	Kevin Pratama	6281234561210		7374acb7869034a9:6b4c6f9cb346908faa96c0e5e5392e0fcfd6cc63ceeb1316ca84efab365e33c0	RESIDENT	false	catalog	2026-09-06T09:00:00.000Z	2026-09-03T09:00:00.000Z
mbr-g13	Mega Utami	6281234561212		7374acb7869034a9:6b4c6f9cb346908faa96c0e5e5392e0fcfd6cc63ceeb1316ca84efab365e33c0	RESIDENT	false	catalog	2026-02-17T09:00:00.000Z	2026-02-14T09:00:00.000Z
mbr-g14	Nanda Saputri	6281234561213		7374acb7869034a9:6b4c6f9cb346908faa96c0e5e5392e0fcfd6cc63ceeb1316ca84efab365e33c0	RESIDENT	false	catalog	2026-07-12T09:00:00.000Z	2026-07-06T09:00:00.000Z
mbr-g15	Oka Mahendra	6281234561214		7374acb7869034a9:6b4c6f9cb346908faa96c0e5e5392e0fcfd6cc63ceeb1316ca84efab365e33c0	RESIDENT	false	catalog	2026-04-30T09:00:00.000Z	2026-04-22T09:00:00.000Z
mbr-g17	Qori Amalia	6281234561216		7374acb7869034a9:6b4c6f9cb346908faa96c0e5e5392e0fcfd6cc63ceeb1316ca84efab365e33c0	RESIDENT	false	catalog	2025-10-10T09:00:00.000Z	2025-10-06T09:00:00.000Z
mbr-g18	Rizky Fadillah	6281234561217		7374acb7869034a9:6b4c6f9cb346908faa96c0e5e5392e0fcfd6cc63ceeb1316ca84efab365e33c0	RESIDENT	false	catalog	2026-08-26T09:00:00.000Z	2026-08-16T09:00:00.000Z
mbr-g19	Sinta Rahayu	6281234561218		7374acb7869034a9:6b4c6f9cb346908faa96c0e5e5392e0fcfd6cc63ceeb1316ca84efab365e33c0	RESIDENT	false	catalog	2026-01-10T09:00:00.000Z	2026-01-06T09:00:00.000Z
mbr-g21	Umi Kalsum	6281234561220		7374acb7869034a9:6b4c6f9cb346908faa96c0e5e5392e0fcfd6cc63ceeb1316ca84efab365e33c0	RESIDENT	false	catalog	2026-09-12T09:00:00.000Z	2026-08-31T09:00:00.000Z
mbr-g22	Vina Melati	6281234561221		7374acb7869034a9:6b4c6f9cb346908faa96c0e5e5392e0fcfd6cc63ceeb1316ca84efab365e33c0	RESIDENT	false	catalog	2026-03-30T09:00:00.000Z	2026-03-17T09:00:00.000Z
mbr-g23	Wahyu Nugraha	6281234561222		7374acb7869034a9:6b4c6f9cb346908faa96c0e5e5392e0fcfd6cc63ceeb1316ca84efab365e33c0	RESIDENT	false	catalog	2026-09-02T09:00:00.000Z	2026-08-30T09:00:00.000Z
mbr-g25	Zaki Alfarizi	6281234561224		7374acb7869034a9:6b4c6f9cb346908faa96c0e5e5392e0fcfd6cc63ceeb1316ca84efab365e33c0	RESIDENT	false	catalog	2026-08-10T09:00:00.000Z	2026-08-09T09:00:00.000Z
mbr-g26	Aditya Saputra	6281234561225		7374acb7869034a9:6b4c6f9cb346908faa96c0e5e5392e0fcfd6cc63ceeb1316ca84efab365e33c0	RESIDENT	false	catalog	2026-04-25T09:00:00.000Z	2026-04-07T09:00:00.000Z
mbr-g27	Bella Kartika	6281234561226		7374acb7869034a9:6b4c6f9cb346908faa96c0e5e5392e0fcfd6cc63ceeb1316ca84efab365e33c0	RESIDENT	false	catalog	2025-11-24T09:00:00.000Z	2025-11-20T09:00:00.000Z
mbr-g29	Dewi Anggraini	6281234561228		7374acb7869034a9:6b4c6f9cb346908faa96c0e5e5392e0fcfd6cc63ceeb1316ca84efab365e33c0	RESIDENT	false	catalog	2026-07-30T09:00:00.000Z	2026-07-12T09:00:00.000Z
mbr-g30	Eko Prasetyo	6281234561229		7374acb7869034a9:6b4c6f9cb346908faa96c0e5e5392e0fcfd6cc63ceeb1316ca84efab365e33c0	RESIDENT	false	catalog	2026-06-10T09:00:00.000Z	2026-05-29T09:00:00.000Z
mbr-l01	Arif Budiman	6281234561300		7374acb7869034a9:6b4c6f9cb346908faa96c0e5e5392e0fcfd6cc63ceeb1316ca84efab365e33c0	PROSPECT	false	catalog	2026-05-05T14:00:00.000Z	2026-05-05T14:00:00.000Z
mbr-l02	Citra Lestari	6281234561301		7374acb7869034a9:6b4c6f9cb346908faa96c0e5e5392e0fcfd6cc63ceeb1316ca84efab365e33c0	PROSPECT	false	catalog	2026-05-20T14:00:00.000Z	2026-05-20T14:00:00.000Z
mbr-l03	Dian Permata	6281234561302		7374acb7869034a9:6b4c6f9cb346908faa96c0e5e5392e0fcfd6cc63ceeb1316ca84efab365e33c0	PROSPECT	false	catalog	2026-05-30T14:00:00.000Z	2026-05-30T14:00:00.000Z
mbr-l04	Erlangga Putra	6281234561303		7374acb7869034a9:6b4c6f9cb346908faa96c0e5e5392e0fcfd6cc63ceeb1316ca84efab365e33c0	PROSPECT	false	catalog	2026-06-07T14:00:00.000Z	2026-06-07T14:00:00.000Z
mbr-l05	Farah Nabila	6281234561304		7374acb7869034a9:6b4c6f9cb346908faa96c0e5e5392e0fcfd6cc63ceeb1316ca84efab365e33c0	PROSPECT	false	catalog	2026-06-13T14:00:00.000Z	2026-06-13T14:00:00.000Z
mbr-l06	Galih Saputro	6281234561305		7374acb7869034a9:6b4c6f9cb346908faa96c0e5e5392e0fcfd6cc63ceeb1316ca84efab365e33c0	PROSPECT	false	catalog	2026-06-22T14:00:00.000Z	2026-06-22T14:00:00.000Z
mbr-l07	Indah Sari	6281234561306		7374acb7869034a9:6b4c6f9cb346908faa96c0e5e5392e0fcfd6cc63ceeb1316ca84efab365e33c0	PROSPECT	false	catalog	2026-07-04T14:00:00.000Z	2026-07-04T14:00:00.000Z
mbr-l08	Joko Susilo	6281234561307		7374acb7869034a9:6b4c6f9cb346908faa96c0e5e5392e0fcfd6cc63ceeb1316ca84efab365e33c0	PROSPECT	false	catalog	2026-07-14T14:00:00.000Z	2026-07-14T14:00:00.000Z
mbr-l09	Kirana Dewi	6281234561308		7374acb7869034a9:6b4c6f9cb346908faa96c0e5e5392e0fcfd6cc63ceeb1316ca84efab365e33c0	PROSPECT	false	catalog	2026-07-26T14:00:00.000Z	2026-07-26T14:00:00.000Z
mbr-l10	Lutfi Hakim	6281234561309		7374acb7869034a9:6b4c6f9cb346908faa96c0e5e5392e0fcfd6cc63ceeb1316ca84efab365e33c0	PROSPECT	false	catalog	2026-08-04T14:00:00.000Z	2026-08-04T14:00:00.000Z
mbr-l11	Maya Anggun	6281234561310		7374acb7869034a9:6b4c6f9cb346908faa96c0e5e5392e0fcfd6cc63ceeb1316ca84efab365e33c0	PROSPECT	false	catalog	2026-08-18T14:00:00.000Z	2026-08-18T14:00:00.000Z
mbr-l12	Novi Rahmawati	6281234561311		7374acb7869034a9:6b4c6f9cb346908faa96c0e5e5392e0fcfd6cc63ceeb1316ca84efab365e33c0	PROSPECT	false	catalog	2026-08-21T14:00:00.000Z	2026-08-21T14:00:00.000Z
mbr-l13	Rendi Kurniawan	6281234561312		7374acb7869034a9:6b4c6f9cb346908faa96c0e5e5392e0fcfd6cc63ceeb1316ca84efab365e33c0	PROSPECT	false	catalog	2026-08-31T14:00:00.000Z	2026-08-31T14:00:00.000Z
mbr-l14	Siska Amelia	6281234561313		7374acb7869034a9:6b4c6f9cb346908faa96c0e5e5392e0fcfd6cc63ceeb1316ca84efab365e33c0	PROSPECT	false	catalog	2026-09-11T14:00:00.000Z	2026-09-11T14:00:00.000Z
mbr-l15	Tegar Wibisono	6281234561314		7374acb7869034a9:6b4c6f9cb346908faa96c0e5e5392e0fcfd6cc63ceeb1316ca84efab365e33c0	PROSPECT	false	catalog	2026-09-25T14:00:00.000Z	2026-09-25T14:00:00.000Z
