id	memberId	fullNameKtp	nik	ktpAddress	ktpPhotoKey	occupation	institution	faculty	studyProgram	guardianName	guardianWhatsapp	guardianRelation	consentAt	createdAt
prf-rina	mbr-rina	RINA AULIA	3507014501040001	Jl. Melati No. 5, Kepanjen, Kab. Malang	specimen.svg	MAHASISWA	Universitas Brawijaya	Fakultas Ilmu Komputer	Teknik Informatika	Siti Aminah	6281299990001	Ibu	2026-01-12T10:00:00.000Z	2026-01-12T10:00:00.000Z
prf-dimas	mbr-dimas	DIMAS PRATAMA	3578012303030002	Jl. Diponegoro No. 18, Surabaya	specimen.svg	MAHASISWA	Politeknik Negeri Malang	Teknik Elektro	D4 Teknik Telekomunikasi	Hadi Pratama	6281299990002	Ayah	2026-01-12T10:00:00.000Z	2026-01-12T10:00:00.000Z
prf-fajar	mbr-fajar	FAJAR NUGROHO	3573011007980003	Jl. Ijen No. 77, Klojen, Kota Malang	specimen.svg	PEKERJA	PT Telkom Indonesia Witel Malang			Sri Wahyuni	6281299990004	Ibu	2026-01-12T10:00:00.000Z	2026-01-12T10:00:00.000Z
prf-bagus	mbr-bagus	BAGUS SANTOSO	3505020909990004	Jl. Raya Wlingi No. 10, Kab. Blitar	specimen.svg	MAHASISWA	Universitas Muhammadiyah Malang	Fakultas Hukum	Ilmu Hukum	Joko Santoso	6281299990006	Ayah	2026-01-12T10:00:00.000Z	2026-01-12T10:00:00.000Z
prf-g2	mbr-g02	BELLA KARTIKA	3573100000008042	Jl. Contoh No. 4, Jawa Timur	specimen.svg	MAHASISWA	Universitas Negeri Malang	Fakultas Sastra	Bahasa Inggris	Orang Tua Bella	6281399000001	Ayah	2025-12-17T09:00:00.000Z	2025-12-17T09:00:00.000Z
prf-g3	mbr-g03	CHANDRA WIJAYA	3573100000015961	Jl. Contoh No. 5, Jawa Timur	specimen.svg	PEKERJA	PT Contoh Sejahtera			Orang Tua Chandra	6281399000002	Ayah	2026-09-01T09:00:00.000Z	2026-09-01T09:00:00.000Z
prf-g5	mbr-g05	EKO PRASETYO	3573100000031799	Jl. Contoh No. 7, Jawa Timur	specimen.svg	MAHASISWA	Politeknik Negeri Malang	Teknik Elektro	D4 Jaringan Telekomunikasi	Orang Tua Eko	6281399000004	Ibu	2026-03-27T09:00:00.000Z	2026-03-27T09:00:00.000Z
prf-g6	mbr-g06	FITRI HANDAYANI	3573100000039718	Jl. Contoh No. 8, Jawa Timur	specimen.svg	PEKERJA	PT Contoh Sejahtera			Orang Tua Fitri	6281399000005	Ibu	2025-10-06T09:00:00.000Z	2025-10-06T09:00:00.000Z
prf-g7	mbr-g07	GILANG RAMADHAN	3573100000047637	Jl. Contoh No. 9, Jawa Timur	specimen.svg	MAHASISWA	Universitas Muhammadiyah Malang	Fakultas Psikologi	Psikologi	Orang Tua Gilang	6281399000006	Ibu	2026-07-25T09:00:00.000Z	2026-07-25T09:00:00.000Z
prf-g9	mbr-g09	IRFAN MAULANA	3573100000063475	Jl. Contoh No. 11, Jawa Timur	specimen.svg	MAHASISWA	Politeknik Negeri Malang	Teknik Elektro	D4 Jaringan Telekomunikasi	Orang Tua Irfan	6281399000008	Ibu	2026-02-23T09:00:00.000Z	2026-02-23T09:00:00.000Z
prf-g10	mbr-g10	JIHAN SALSABILA	3573100000071394	Jl. Contoh No. 12, Jawa Timur	specimen.svg	MAHASISWA	Universitas Negeri Malang	Fakultas Sastra	Bahasa Inggris	Orang Tua Jihan	6281399000009	Ayah	2026-03-26T09:00:00.000Z	2026-03-26T09:00:00.000Z
prf-g11	mbr-g11	KEVIN PRATAMA	3573100000079313	Jl. Contoh No. 13, Jawa Timur	specimen.svg	MAHASISWA	Universitas Muhammadiyah Malang	Fakultas Psikologi	Psikologi	Orang Tua Kevin	6281399000010	Ayah	2026-09-11T09:00:00.000Z	2026-09-11T09:00:00.000Z
prf-g13	mbr-g13	MEGA UTAMI	3573100000095151	Jl. Contoh No. 15, Jawa Timur	specimen.svg	PEKERJA	PT Contoh Sejahtera			Orang Tua Mega	6281399000012	Ibu	2026-02-22T09:00:00.000Z	2026-02-22T09:00:00.000Z
prf-g14	mbr-g14	NANDA SAPUTRI	3573100000103070	Jl. Contoh No. 16, Jawa Timur	specimen.svg	MAHASISWA	Universitas Brawijaya	Fakultas Teknik	Teknik Sipil	Orang Tua Nanda	6281399000013	Ibu	2026-07-17T09:00:00.000Z	2026-07-17T09:00:00.000Z
prf-g17	mbr-g17	QORI AMALIA	3573100000126827	Jl. Contoh No. 19, Jawa Timur	specimen.svg	PEKERJA	PT Contoh Sejahtera			Orang Tua Qori	6281399000016	Ibu	2025-10-15T09:00:00.000Z	2025-10-15T09:00:00.000Z
prf-g18	mbr-g18	RIZKY FADILLAH	3573100000134746	Jl. Contoh No. 20, Jawa Timur	specimen.svg	PEKERJA	PT Contoh Sejahtera			Orang Tua Rizky	6281399000017	Ayah	2026-08-31T09:00:00.000Z	2026-08-31T09:00:00.000Z
prf-g19	mbr-g19	SINTA RAHAYU	3573100000142665	Jl. Contoh No. 21, Jawa Timur	specimen.svg	MAHASISWA	Universitas Negeri Malang	Fakultas Sastra	Bahasa Inggris	Orang Tua Sinta	6281399000018	Ayah	2026-01-15T09:00:00.000Z	2026-01-15T09:00:00.000Z
prf-g22	mbr-g22	VINA MELATI	3573100000166422	Jl. Contoh No. 24, Jawa Timur	specimen.svg	PEKERJA	PT Contoh Sejahtera			Orang Tua Vina	6281399000021	Ibu	2026-04-04T09:00:00.000Z	2026-04-04T09:00:00.000Z
prf-g23	mbr-g23	WAHYU NUGRAHA	3573100000174341	Jl. Contoh No. 25, Jawa Timur	specimen.svg	MAHASISWA	Universitas Brawijaya	Fakultas Ekonomi dan Bisnis	Akuntansi	Orang Tua Wahyu	6281399000022	Ayah	2026-09-07T09:00:00.000Z	2026-09-07T09:00:00.000Z
prf-g25	mbr-g25	ZAKI ALFARIZI	3573100000190179	Jl. Contoh No. 27, Jawa Timur	specimen.svg	MAHASISWA	Universitas Brawijaya	Fakultas Ekonomi dan Bisnis	Akuntansi	Orang Tua Zaki	6281399000024	Ibu	2026-08-15T09:00:00.000Z	2026-08-15T09:00:00.000Z
prf-g26	mbr-g26	ADITYA SAPUTRA	3573100000198098	Jl. Contoh No. 28, Jawa Timur	specimen.svg	MAHASISWA	Universitas Muhammadiyah Malang	Fakultas Psikologi	Psikologi	Orang Tua Aditya	6281399000025	Ibu	2026-04-30T09:00:00.000Z	2026-04-30T09:00:00.000Z
prf-g27	mbr-g27	BELLA KARTIKA	3573100000206017	Jl. Contoh No. 29, Jawa Timur	specimen.svg	MAHASISWA	Universitas Negeri Malang	Fakultas Sastra	Bahasa Inggris	Orang Tua Bella	6281399000026	Ayah	2025-11-29T09:00:00.000Z	2025-11-29T09:00:00.000Z
prf-g29	mbr-g29	DEWI ANGGRAINI	3573100000221855	Jl. Contoh No. 31, Jawa Timur	specimen.svg	MAHASISWA	Universitas Brawijaya	Fakultas Ekonomi dan Bisnis	Akuntansi	Orang Tua Dewi	6281399000028	Ibu	2026-08-04T09:00:00.000Z	2026-08-04T09:00:00.000Z
