id	kostId	name	size	monthlyPrice	facilities	photos	description	createdAt
rt-casa-1	kost-casa	Standard	3x4 m	1300000	AC|Kamar Mandi Dalam|Water Heater|Kasur|Lemari|Meja Belajar|Kursi	https://images.unsplash.com/photo-1555854877-bab0e564b8d5?w=1000&q=75|https://images.unsplash.com/photo-1522708323590-d24dbb6b0267?w=1000&q=75|https://images.unsplash.com/photo-1502672260266-1c1ef2d93688?w=1000&q=75	Tipe Standard untuk kebutuhan harian yang nyaman dan efisien.	2025-06-10T08:00:00.000Z
rt-casa-2	kost-casa	Deluxe Balkon	4x4 m	1600000	AC|Kamar Mandi Dalam|Water Heater|Kasur|Lemari|Meja Belajar|Kursi|TV|Kulkas|Balkon	https://images.unsplash.com/photo-1493809842364-78817add7ffb?w=1000&q=75|https://images.unsplash.com/photo-1600607687939-ce8a6c25118c?w=1000&q=75|https://images.unsplash.com/photo-1631049307264-da0ec9d70304?w=1000&q=75	Tipe Deluxe Balkon dengan ruang lebih lega dan fasilitas tambahan.	2025-06-10T08:00:00.000Z
rt-sigura-1	kost-sigura	Standard Kipas	3x3 m	1000000	Kipas Angin|Kamar Mandi Dalam|Kasur|Lemari|Meja Belajar	https://images.unsplash.com/photo-1502672260266-1c1ef2d93688?w=1000&q=75|https://images.unsplash.com/photo-1560448204-e02f11c3d0e2?w=1000&q=75|https://images.unsplash.com/photo-1505691938895-1758d7feb511?w=1000&q=75	Tipe Standard Kipas untuk kebutuhan harian yang nyaman dan efisien.	2025-08-01T08:00:00.000Z
rt-sigura-2	kost-sigura	Standard AC	3x4 m	1250000	AC|Kamar Mandi Dalam|Kasur|Lemari|Meja Belajar|Kursi	https://images.unsplash.com/photo-1631049307264-da0ec9d70304?w=1000&q=75|https://images.unsplash.com/photo-1540518614846-7eded433c457?w=1000&q=75|https://images.unsplash.com/photo-1595526114035-0d45ed16cfbf?w=1000&q=75	Tipe Standard AC dengan ruang lebih lega dan fasilitas tambahan.	2025-08-01T08:00:00.000Z
rt-ketawang-1	kost-ketawang	Standard	3x4 m	1450000	AC|Kamar Mandi Dalam|Water Heater|Kasur|Lemari|Meja Belajar|Kursi	https://images.unsplash.com/photo-1505691938895-1758d7feb511?w=1000&q=75|https://images.unsplash.com/photo-1493809842364-78817add7ffb?w=1000&q=75|https://images.unsplash.com/photo-1600607687939-ce8a6c25118c?w=1000&q=75	Tipe Standard untuk kebutuhan harian yang nyaman dan efisien.	2025-03-15T08:00:00.000Z
rt-ketawang-2	kost-ketawang	Deluxe	4x4 m	1750000	AC|Kamar Mandi Dalam|Water Heater|Kasur|Lemari|Meja Belajar|Kursi|TV|Kulkas	https://images.unsplash.com/photo-1595526114035-0d45ed16cfbf?w=1000&q=75|https://images.unsplash.com/photo-1586023492125-27b2c045efd7?w=1000&q=75|https://images.unsplash.com/photo-1616594039964-ae9021a400a0?w=1000&q=75	Tipe Deluxe dengan ruang lebih lega dan fasilitas tambahan.	2025-03-15T08:00:00.000Z
rt-kalpataru-1	kost-kalpataru	Suite	4x4 m	1600000	AC|Kamar Mandi Dalam|Water Heater|Kasur|Lemari|Meja Belajar|Kursi|TV	https://images.unsplash.com/photo-1600607687939-ce8a6c25118c?w=1000&q=75|https://images.unsplash.com/photo-1631049307264-da0ec9d70304?w=1000&q=75|https://images.unsplash.com/photo-1540518614846-7eded433c457?w=1000&q=75	Tipe Suite untuk kebutuhan harian yang nyaman dan efisien.	2026-09-20T08:00:00.000Z
rt-kalpataru-2	kost-kalpataru	Suite Balkon	4x5 m	1900000	AC|Kamar Mandi Dalam|Water Heater|Kasur|Lemari|Meja Belajar|Kursi|TV|Kulkas|Balkon	https://images.unsplash.com/photo-1616594039964-ae9021a400a0?w=1000&q=75|https://images.unsplash.com/photo-1617104678098-de229db51175?w=1000&q=75|https://images.unsplash.com/photo-1554995207-c18c203602cb?w=1000&q=75	Tipe Suite Balkon dengan ruang lebih lega dan fasilitas tambahan.	2026-09-20T08:00:00.000Z
rt-sumbersari-1	kost-sumbersari	Ekonomis	3x3 m	950000	Kipas Angin|Kasur|Lemari|Meja Belajar|Kursi	https://images.unsplash.com/photo-1540518614846-7eded433c457?w=1000&q=75|https://images.unsplash.com/photo-1595526114035-0d45ed16cfbf?w=1000&q=75|https://images.unsplash.com/photo-1586023492125-27b2c045efd7?w=1000&q=75	Tipe Ekonomis untuk kebutuhan harian yang nyaman dan efisien.	2024-11-05T08:00:00.000Z
rt-sumbersari-2	kost-sumbersari	Standard	3x4 m	1150000	Kipas Angin|Kamar Mandi Dalam|Kasur|Lemari|Meja Belajar|Kursi	https://images.unsplash.com/photo-1554995207-c18c203602cb?w=1000&q=75|https://images.unsplash.com/photo-1484154218962-a197022b5858?w=1000&q=75|https://images.unsplash.com/photo-1555854877-bab0e564b8d5?w=1000&q=75	Tipe Standard dengan ruang lebih lega dan fasilitas tambahan.	2024-11-05T08:00:00.000Z
rt-dinoyo-1	kost-dinoyo	Executive	4x4 m	1750000	AC|Kamar Mandi Dalam|Water Heater|Kasur|Lemari|Meja Belajar|Kursi|TV|Kulkas	https://images.unsplash.com/photo-1586023492125-27b2c045efd7?w=1000&q=75|https://images.unsplash.com/photo-1616594039964-ae9021a400a0?w=1000&q=75|https://images.unsplash.com/photo-1617104678098-de229db51175?w=1000&q=75	Tipe Executive untuk kebutuhan harian yang nyaman dan efisien.	2025-01-20T08:00:00.000Z
rt-dinoyo-2	kost-dinoyo	Executive Plus	4x5 m	2100000	AC|Kamar Mandi Dalam|Water Heater|Kasur|Lemari|Meja Belajar|Kursi|TV|Kulkas|Balkon|Jendela Luar	https://images.unsplash.com/photo-1555854877-bab0e564b8d5?w=1000&q=75|https://images.unsplash.com/photo-1522708323590-d24dbb6b0267?w=1000&q=75|https://images.unsplash.com/photo-1502672260266-1c1ef2d93688?w=1000&q=75	Tipe Executive Plus dengan ruang lebih lega dan fasilitas tambahan.	2025-01-20T08:00:00.000Z
rt-tlogomas-1	kost-tlogomas	Standard	3x3 m	1050000	Kipas Angin|Kamar Mandi Dalam|Kasur|Lemari|Meja Belajar	https://images.unsplash.com/photo-1617104678098-de229db51175?w=1000&q=75|https://images.unsplash.com/photo-1554995207-c18c203602cb?w=1000&q=75|https://images.unsplash.com/photo-1484154218962-a197022b5858?w=1000&q=75	Tipe Standard untuk kebutuhan harian yang nyaman dan efisien.	2025-09-12T08:00:00.000Z
rt-tlogomas-2	kost-tlogomas	Plus	3x4 m	1250000	AC|Kamar Mandi Dalam|Water Heater|Kasur|Lemari|Meja Belajar|Kursi	https://images.unsplash.com/photo-1502672260266-1c1ef2d93688?w=1000&q=75|https://images.unsplash.com/photo-1560448204-e02f11c3d0e2?w=1000&q=75|https://images.unsplash.com/photo-1505691938895-1758d7feb511?w=1000&q=75	Tipe Plus dengan ruang lebih lega dan fasilitas tambahan.	2025-09-12T08:00:00.000Z
rt-joyo-1	kost-joyo	Ekonomis	3x3 m	900000	Kipas Angin|Kasur|Lemari|Meja Belajar|Kursi	https://images.unsplash.com/photo-1484154218962-a197022b5858?w=1000&q=75|https://images.unsplash.com/photo-1555854877-bab0e564b8d5?w=1000&q=75|https://images.unsplash.com/photo-1522708323590-d24dbb6b0267?w=1000&q=75	Tipe Ekonomis untuk kebutuhan harian yang nyaman dan efisien.	2024-07-01T08:00:00.000Z
rt-joyo-2	kost-joyo	Standard	3x4 m	1050000	Kipas Angin|Kamar Mandi Dalam|Kasur|Lemari|Meja Belajar|Kursi	https://images.unsplash.com/photo-1505691938895-1758d7feb511?w=1000&q=75|https://images.unsplash.com/photo-1493809842364-78817add7ffb?w=1000&q=75|https://images.unsplash.com/photo-1600607687939-ce8a6c25118c?w=1000&q=75	Tipe Standard dengan ruang lebih lega dan fasilitas tambahan.	2024-07-01T08:00:00.000Z
