id	kostId	typeId	number	floor	size	monthlyPrice	facilities	photos	status	createdAt
room-casa-a-01	kost-casa	rt-casa-1	A-01	1	3x4 m	1300000	AC|Kamar Mandi Dalam|Water Heater|Kasur|Lemari|Meja Belajar|Kursi	https://images.unsplash.com/photo-1555854877-bab0e564b8d5?w=1000&q=75|https://images.unsplash.com/photo-1522708323590-d24dbb6b0267?w=1000&q=75|https://images.unsplash.com/photo-1502672260266-1c1ef2d93688?w=1000&q=75	OCCUPIED	2025-06-10T08:00:00.000Z
room-casa-a-02	kost-casa	rt-casa-1	A-02	1	3x4 m	1300000	AC|Kamar Mandi Dalam|Water Heater|Kasur|Lemari|Meja Belajar|Kursi	https://images.unsplash.com/photo-1555854877-bab0e564b8d5?w=1000&q=75|https://images.unsplash.com/photo-1522708323590-d24dbb6b0267?w=1000&q=75|https://images.unsplash.com/photo-1502672260266-1c1ef2d93688?w=1000&q=75	OCCUPIED	2025-06-10T08:00:00.000Z
room-casa-a-03	kost-casa	rt-casa-1	A-03	1	3x4 m	1300000	AC|Kamar Mandi Dalam|Water Heater|Kasur|Lemari|Meja Belajar|Kursi	https://images.unsplash.com/photo-1555854877-bab0e564b8d5?w=1000&q=75|https://images.unsplash.com/photo-1522708323590-d24dbb6b0267?w=1000&q=75|https://images.unsplash.com/photo-1502672260266-1c1ef2d93688?w=1000&q=75	OCCUPIED	2025-06-10T08:00:00.000Z
room-casa-a-04	kost-casa	rt-casa-1	A-04	1	3x4 m	1300000	AC|Kamar Mandi Dalam|Water Heater|Kasur|Lemari|Meja Belajar|Kursi	https://images.unsplash.com/photo-1555854877-bab0e564b8d5?w=1000&q=75|https://images.unsplash.com/photo-1522708323590-d24dbb6b0267?w=1000&q=75|https://images.unsplash.com/photo-1502672260266-1c1ef2d93688?w=1000&q=75	OCCUPIED	2025-06-10T08:00:00.000Z
room-casa-a-05	kost-casa	rt-casa-1	A-05	1	3x4 m	1300000	AC|Kamar Mandi Dalam|Water Heater|Kasur|Lemari|Meja Belajar|Kursi	https://images.unsplash.com/photo-1555854877-bab0e564b8d5?w=1000&q=75|https://images.unsplash.com/photo-1522708323590-d24dbb6b0267?w=1000&q=75|https://images.unsplash.com/photo-1502672260266-1c1ef2d93688?w=1000&q=75	AVAILABLE	2025-06-10T08:00:00.000Z
room-casa-b-01	kost-casa	rt-casa-2	B-01	2	4x4 m	1600000	AC|Kamar Mandi Dalam|Water Heater|Kasur|Lemari|Meja Belajar|Kursi|TV|Kulkas|Balkon	https://images.unsplash.com/photo-1493809842364-78817add7ffb?w=1000&q=75|https://images.unsplash.com/photo-1600607687939-ce8a6c25118c?w=1000&q=75|https://images.unsplash.com/photo-1631049307264-da0ec9d70304?w=1000&q=75	OCCUPIED	2025-06-10T08:00:00.000Z
room-casa-b-02	kost-casa	rt-casa-2	B-02	2	4x4 m	1600000	AC|Kamar Mandi Dalam|Water Heater|Kasur|Lemari|Meja Belajar|Kursi|TV|Kulkas|Balkon	https://images.unsplash.com/photo-1493809842364-78817add7ffb?w=1000&q=75|https://images.unsplash.com/photo-1600607687939-ce8a6c25118c?w=1000&q=75|https://images.unsplash.com/photo-1631049307264-da0ec9d70304?w=1000&q=75	AVAILABLE	2025-06-10T08:00:00.000Z
room-casa-b-03	kost-casa	rt-casa-2	B-03	2	4x4 m	1600000	AC|Kamar Mandi Dalam|Water Heater|Kasur|Lemari|Meja Belajar|Kursi|TV|Kulkas|Balkon	https://images.unsplash.com/photo-1493809842364-78817add7ffb?w=1000&q=75|https://images.unsplash.com/photo-1600607687939-ce8a6c25118c?w=1000&q=75|https://images.unsplash.com/photo-1631049307264-da0ec9d70304?w=1000&q=75	OCCUPIED	2025-06-10T08:00:00.000Z
room-casa-b-04	kost-casa	rt-casa-2	B-04	2	4x4 m	1600000	AC|Kamar Mandi Dalam|Water Heater|Kasur|Lemari|Meja Belajar|Kursi|TV|Kulkas|Balkon	https://images.unsplash.com/photo-1493809842364-78817add7ffb?w=1000&q=75|https://images.unsplash.com/photo-1600607687939-ce8a6c25118c?w=1000&q=75|https://images.unsplash.com/photo-1631049307264-da0ec9d70304?w=1000&q=75	AVAILABLE	2025-06-10T08:00:00.000Z
room-casa-b-05	kost-casa	rt-casa-2	B-05	2	4x4 m	1600000	AC|Kamar Mandi Dalam|Water Heater|Kasur|Lemari|Meja Belajar|Kursi|TV|Kulkas|Balkon	https://images.unsplash.com/photo-1493809842364-78817add7ffb?w=1000&q=75|https://images.unsplash.com/photo-1600607687939-ce8a6c25118c?w=1000&q=75|https://images.unsplash.com/photo-1631049307264-da0ec9d70304?w=1000&q=75	AVAILABLE	2025-06-10T08:00:00.000Z
room-sigura-a-01	kost-sigura	rt-sigura-1	A-01	1	3x3 m	1000000	Kipas Angin|Kamar Mandi Dalam|Kasur|Lemari|Meja Belajar	https://images.unsplash.com/photo-1502672260266-1c1ef2d93688?w=1000&q=75|https://images.unsplash.com/photo-1560448204-e02f11c3d0e2?w=1000&q=75|https://images.unsplash.com/photo-1505691938895-1758d7feb511?w=1000&q=75	OCCUPIED	2025-08-01T08:00:00.000Z
room-sigura-a-02	kost-sigura	rt-sigura-1	A-02	1	3x3 m	1000000	Kipas Angin|Kamar Mandi Dalam|Kasur|Lemari|Meja Belajar	https://images.unsplash.com/photo-1502672260266-1c1ef2d93688?w=1000&q=75|https://images.unsplash.com/photo-1560448204-e02f11c3d0e2?w=1000&q=75|https://images.unsplash.com/photo-1505691938895-1758d7feb511?w=1000&q=75	AVAILABLE	2025-08-01T08:00:00.000Z
room-sigura-a-03	kost-sigura	rt-sigura-1	A-03	1	3x3 m	1000000	Kipas Angin|Kamar Mandi Dalam|Kasur|Lemari|Meja Belajar	https://images.unsplash.com/photo-1502672260266-1c1ef2d93688?w=1000&q=75|https://images.unsplash.com/photo-1560448204-e02f11c3d0e2?w=1000&q=75|https://images.unsplash.com/photo-1505691938895-1758d7feb511?w=1000&q=75	AVAILABLE	2025-08-01T08:00:00.000Z
room-sigura-a-04	kost-sigura	rt-sigura-1	A-04	1	3x3 m	1000000	Kipas Angin|Kamar Mandi Dalam|Kasur|Lemari|Meja Belajar	https://images.unsplash.com/photo-1502672260266-1c1ef2d93688?w=1000&q=75|https://images.unsplash.com/photo-1560448204-e02f11c3d0e2?w=1000&q=75|https://images.unsplash.com/photo-1505691938895-1758d7feb511?w=1000&q=75	AVAILABLE	2025-08-01T08:00:00.000Z
room-sigura-b-01	kost-sigura	rt-sigura-2	B-01	2	3x4 m	1250000	AC|Kamar Mandi Dalam|Kasur|Lemari|Meja Belajar|Kursi	https://images.unsplash.com/photo-1631049307264-da0ec9d70304?w=1000&q=75|https://images.unsplash.com/photo-1540518614846-7eded433c457?w=1000&q=75|https://images.unsplash.com/photo-1595526114035-0d45ed16cfbf?w=1000&q=75	AVAILABLE	2025-08-01T08:00:00.000Z
room-sigura-b-02	kost-sigura	rt-sigura-2	B-02	2	3x4 m	1250000	AC|Kamar Mandi Dalam|Kasur|Lemari|Meja Belajar|Kursi	https://images.unsplash.com/photo-1631049307264-da0ec9d70304?w=1000&q=75|https://images.unsplash.com/photo-1540518614846-7eded433c457?w=1000&q=75|https://images.unsplash.com/photo-1595526114035-0d45ed16cfbf?w=1000&q=75	OCCUPIED	2025-08-01T08:00:00.000Z
room-sigura-b-03	kost-sigura	rt-sigura-2	B-03	2	3x4 m	1250000	AC|Kamar Mandi Dalam|Kasur|Lemari|Meja Belajar|Kursi	https://images.unsplash.com/photo-1631049307264-da0ec9d70304?w=1000&q=75|https://images.unsplash.com/photo-1540518614846-7eded433c457?w=1000&q=75|https://images.unsplash.com/photo-1595526114035-0d45ed16cfbf?w=1000&q=75	OCCUPIED	2025-08-01T08:00:00.000Z
room-sigura-b-04	kost-sigura	rt-sigura-2	B-04	2	3x4 m	1250000	AC|Kamar Mandi Dalam|Kasur|Lemari|Meja Belajar|Kursi	https://images.unsplash.com/photo-1631049307264-da0ec9d70304?w=1000&q=75|https://images.unsplash.com/photo-1540518614846-7eded433c457?w=1000&q=75|https://images.unsplash.com/photo-1595526114035-0d45ed16cfbf?w=1000&q=75	OCCUPIED	2025-08-01T08:00:00.000Z
room-ketawang-a-01	kost-ketawang	rt-ketawang-1	A-01	1	3x4 m	1450000	AC|Kamar Mandi Dalam|Water Heater|Kasur|Lemari|Meja Belajar|Kursi	https://images.unsplash.com/photo-1505691938895-1758d7feb511?w=1000&q=75|https://images.unsplash.com/photo-1493809842364-78817add7ffb?w=1000&q=75|https://images.unsplash.com/photo-1600607687939-ce8a6c25118c?w=1000&q=75	OCCUPIED	2025-03-15T08:00:00.000Z
room-ketawang-a-02	kost-ketawang	rt-ketawang-1	A-02	1	3x4 m	1450000	AC|Kamar Mandi Dalam|Water Heater|Kasur|Lemari|Meja Belajar|Kursi	https://images.unsplash.com/photo-1505691938895-1758d7feb511?w=1000&q=75|https://images.unsplash.com/photo-1493809842364-78817add7ffb?w=1000&q=75|https://images.unsplash.com/photo-1600607687939-ce8a6c25118c?w=1000&q=75	OCCUPIED	2025-03-15T08:00:00.000Z
room-ketawang-a-03	kost-ketawang	rt-ketawang-1	A-03	1	3x4 m	1450000	AC|Kamar Mandi Dalam|Water Heater|Kasur|Lemari|Meja Belajar|Kursi	https://images.unsplash.com/photo-1505691938895-1758d7feb511?w=1000&q=75|https://images.unsplash.com/photo-1493809842364-78817add7ffb?w=1000&q=75|https://images.unsplash.com/photo-1600607687939-ce8a6c25118c?w=1000&q=75	RESERVED	2025-03-15T08:00:00.000Z
room-ketawang-a-04	kost-ketawang	rt-ketawang-1	A-04	1	3x4 m	1450000	AC|Kamar Mandi Dalam|Water Heater|Kasur|Lemari|Meja Belajar|Kursi	https://images.unsplash.com/photo-1505691938895-1758d7feb511?w=1000&q=75|https://images.unsplash.com/photo-1493809842364-78817add7ffb?w=1000&q=75|https://images.unsplash.com/photo-1600607687939-ce8a6c25118c?w=1000&q=75	AVAILABLE	2025-03-15T08:00:00.000Z
room-ketawang-a-05	kost-ketawang	rt-ketawang-1	A-05	1	3x4 m	1450000	AC|Kamar Mandi Dalam|Water Heater|Kasur|Lemari|Meja Belajar|Kursi	https://images.unsplash.com/photo-1505691938895-1758d7feb511?w=1000&q=75|https://images.unsplash.com/photo-1493809842364-78817add7ffb?w=1000&q=75|https://images.unsplash.com/photo-1600607687939-ce8a6c25118c?w=1000&q=75	OCCUPIED	2025-03-15T08:00:00.000Z
room-ketawang-b-01	kost-ketawang	rt-ketawang-2	B-01	2	4x4 m	1750000	AC|Kamar Mandi Dalam|Water Heater|Kasur|Lemari|Meja Belajar|Kursi|TV|Kulkas	https://images.unsplash.com/photo-1595526114035-0d45ed16cfbf?w=1000&q=75|https://images.unsplash.com/photo-1586023492125-27b2c045efd7?w=1000&q=75|https://images.unsplash.com/photo-1616594039964-ae9021a400a0?w=1000&q=75	OCCUPIED	2025-03-15T08:00:00.000Z
room-ketawang-b-02	kost-ketawang	rt-ketawang-2	B-02	2	4x4 m	1750000	AC|Kamar Mandi Dalam|Water Heater|Kasur|Lemari|Meja Belajar|Kursi|TV|Kulkas	https://images.unsplash.com/photo-1595526114035-0d45ed16cfbf?w=1000&q=75|https://images.unsplash.com/photo-1586023492125-27b2c045efd7?w=1000&q=75|https://images.unsplash.com/photo-1616594039964-ae9021a400a0?w=1000&q=75	OCCUPIED	2025-03-15T08:00:00.000Z
room-ketawang-b-03	kost-ketawang	rt-ketawang-2	B-03	2	4x4 m	1750000	AC|Kamar Mandi Dalam|Water Heater|Kasur|Lemari|Meja Belajar|Kursi|TV|Kulkas	https://images.unsplash.com/photo-1595526114035-0d45ed16cfbf?w=1000&q=75|https://images.unsplash.com/photo-1586023492125-27b2c045efd7?w=1000&q=75|https://images.unsplash.com/photo-1616594039964-ae9021a400a0?w=1000&q=75	AVAILABLE	2025-03-15T08:00:00.000Z
room-ketawang-b-04	kost-ketawang	rt-ketawang-2	B-04	2	4x4 m	1750000	AC|Kamar Mandi Dalam|Water Heater|Kasur|Lemari|Meja Belajar|Kursi|TV|Kulkas	https://images.unsplash.com/photo-1595526114035-0d45ed16cfbf?w=1000&q=75|https://images.unsplash.com/photo-1586023492125-27b2c045efd7?w=1000&q=75|https://images.unsplash.com/photo-1616594039964-ae9021a400a0?w=1000&q=75	AVAILABLE	2025-03-15T08:00:00.000Z
room-ketawang-b-05	kost-ketawang	rt-ketawang-2	B-05	2	4x4 m	1750000	AC|Kamar Mandi Dalam|Water Heater|Kasur|Lemari|Meja Belajar|Kursi|TV|Kulkas	https://images.unsplash.com/photo-1595526114035-0d45ed16cfbf?w=1000&q=75|https://images.unsplash.com/photo-1586023492125-27b2c045efd7?w=1000&q=75|https://images.unsplash.com/photo-1616594039964-ae9021a400a0?w=1000&q=75	AVAILABLE	2025-03-15T08:00:00.000Z
room-kalpataru-a-01	kost-kalpataru	rt-kalpataru-1	A-01	1	4x4 m	1600000	AC|Kamar Mandi Dalam|Water Heater|Kasur|Lemari|Meja Belajar|Kursi|TV	https://images.unsplash.com/photo-1600607687939-ce8a6c25118c?w=1000&q=75|https://images.unsplash.com/photo-1631049307264-da0ec9d70304?w=1000&q=75|https://images.unsplash.com/photo-1540518614846-7eded433c457?w=1000&q=75	OCCUPIED	2026-09-20T08:00:00.000Z
room-kalpataru-a-02	kost-kalpataru	rt-kalpataru-1	A-02	1	4x4 m	1600000	AC|Kamar Mandi Dalam|Water Heater|Kasur|Lemari|Meja Belajar|Kursi|TV	https://images.unsplash.com/photo-1600607687939-ce8a6c25118c?w=1000&q=75|https://images.unsplash.com/photo-1631049307264-da0ec9d70304?w=1000&q=75|https://images.unsplash.com/photo-1540518614846-7eded433c457?w=1000&q=75	OCCUPIED	2026-09-20T08:00:00.000Z
room-kalpataru-a-03	kost-kalpataru	rt-kalpataru-1	A-03	1	4x4 m	1600000	AC|Kamar Mandi Dalam|Water Heater|Kasur|Lemari|Meja Belajar|Kursi|TV	https://images.unsplash.com/photo-1600607687939-ce8a6c25118c?w=1000&q=75|https://images.unsplash.com/photo-1631049307264-da0ec9d70304?w=1000&q=75|https://images.unsplash.com/photo-1540518614846-7eded433c457?w=1000&q=75	RESERVED	2026-09-20T08:00:00.000Z
room-kalpataru-b-01	kost-kalpataru	rt-kalpataru-2	B-01	2	4x5 m	1900000	AC|Kamar Mandi Dalam|Water Heater|Kasur|Lemari|Meja Belajar|Kursi|TV|Kulkas|Balkon	https://images.unsplash.com/photo-1616594039964-ae9021a400a0?w=1000&q=75|https://images.unsplash.com/photo-1617104678098-de229db51175?w=1000&q=75|https://images.unsplash.com/photo-1554995207-c18c203602cb?w=1000&q=75	AVAILABLE	2026-09-20T08:00:00.000Z
room-kalpataru-b-02	kost-kalpataru	rt-kalpataru-2	B-02	2	4x5 m	1900000	AC|Kamar Mandi Dalam|Water Heater|Kasur|Lemari|Meja Belajar|Kursi|TV|Kulkas|Balkon	https://images.unsplash.com/photo-1616594039964-ae9021a400a0?w=1000&q=75|https://images.unsplash.com/photo-1617104678098-de229db51175?w=1000&q=75|https://images.unsplash.com/photo-1554995207-c18c203602cb?w=1000&q=75	AVAILABLE	2026-09-20T08:00:00.000Z
room-kalpataru-b-03	kost-kalpataru	rt-kalpataru-2	B-03	2	4x5 m	1900000	AC|Kamar Mandi Dalam|Water Heater|Kasur|Lemari|Meja Belajar|Kursi|TV|Kulkas|Balkon	https://images.unsplash.com/photo-1616594039964-ae9021a400a0?w=1000&q=75|https://images.unsplash.com/photo-1617104678098-de229db51175?w=1000&q=75|https://images.unsplash.com/photo-1554995207-c18c203602cb?w=1000&q=75	AVAILABLE	2026-09-20T08:00:00.000Z
room-sumbersari-a-01	kost-sumbersari	rt-sumbersari-1	A-01	1	3x3 m	950000	Kipas Angin|Kasur|Lemari|Meja Belajar|Kursi	https://images.unsplash.com/photo-1540518614846-7eded433c457?w=1000&q=75|https://images.unsplash.com/photo-1595526114035-0d45ed16cfbf?w=1000&q=75|https://images.unsplash.com/photo-1586023492125-27b2c045efd7?w=1000&q=75	OCCUPIED	2024-11-05T08:00:00.000Z
room-sumbersari-a-02	kost-sumbersari	rt-sumbersari-1	A-02	1	3x3 m	950000	Kipas Angin|Kasur|Lemari|Meja Belajar|Kursi	https://images.unsplash.com/photo-1540518614846-7eded433c457?w=1000&q=75|https://images.unsplash.com/photo-1595526114035-0d45ed16cfbf?w=1000&q=75|https://images.unsplash.com/photo-1586023492125-27b2c045efd7?w=1000&q=75	RESERVED	2024-11-05T08:00:00.000Z
room-sumbersari-a-03	kost-sumbersari	rt-sumbersari-1	A-03	1	3x3 m	950000	Kipas Angin|Kasur|Lemari|Meja Belajar|Kursi	https://images.unsplash.com/photo-1540518614846-7eded433c457?w=1000&q=75|https://images.unsplash.com/photo-1595526114035-0d45ed16cfbf?w=1000&q=75|https://images.unsplash.com/photo-1586023492125-27b2c045efd7?w=1000&q=75	OCCUPIED	2024-11-05T08:00:00.000Z
room-sumbersari-a-04	kost-sumbersari	rt-sumbersari-1	A-04	1	3x3 m	950000	Kipas Angin|Kasur|Lemari|Meja Belajar|Kursi	https://images.unsplash.com/photo-1540518614846-7eded433c457?w=1000&q=75|https://images.unsplash.com/photo-1595526114035-0d45ed16cfbf?w=1000&q=75|https://images.unsplash.com/photo-1586023492125-27b2c045efd7?w=1000&q=75	OCCUPIED	2024-11-05T08:00:00.000Z
room-sumbersari-b-01	kost-sumbersari	rt-sumbersari-2	B-01	2	3x4 m	1150000	Kipas Angin|Kamar Mandi Dalam|Kasur|Lemari|Meja Belajar|Kursi	https://images.unsplash.com/photo-1554995207-c18c203602cb?w=1000&q=75|https://images.unsplash.com/photo-1484154218962-a197022b5858?w=1000&q=75|https://images.unsplash.com/photo-1555854877-bab0e564b8d5?w=1000&q=75	OCCUPIED	2024-11-05T08:00:00.000Z
room-sumbersari-b-02	kost-sumbersari	rt-sumbersari-2	B-02	2	3x4 m	1150000	Kipas Angin|Kamar Mandi Dalam|Kasur|Lemari|Meja Belajar|Kursi	https://images.unsplash.com/photo-1554995207-c18c203602cb?w=1000&q=75|https://images.unsplash.com/photo-1484154218962-a197022b5858?w=1000&q=75|https://images.unsplash.com/photo-1555854877-bab0e564b8d5?w=1000&q=75	OCCUPIED	2024-11-05T08:00:00.000Z
room-sumbersari-b-03	kost-sumbersari	rt-sumbersari-2	B-03	2	3x4 m	1150000	Kipas Angin|Kamar Mandi Dalam|Kasur|Lemari|Meja Belajar|Kursi	https://images.unsplash.com/photo-1554995207-c18c203602cb?w=1000&q=75|https://images.unsplash.com/photo-1484154218962-a197022b5858?w=1000&q=75|https://images.unsplash.com/photo-1555854877-bab0e564b8d5?w=1000&q=75	OCCUPIED	2024-11-05T08:00:00.000Z
room-sumbersari-b-04	kost-sumbersari	rt-sumbersari-2	B-04	2	3x4 m	1150000	Kipas Angin|Kamar Mandi Dalam|Kasur|Lemari|Meja Belajar|Kursi	https://images.unsplash.com/photo-1554995207-c18c203602cb?w=1000&q=75|https://images.unsplash.com/photo-1484154218962-a197022b5858?w=1000&q=75|https://images.unsplash.com/photo-1555854877-bab0e564b8d5?w=1000&q=75	AVAILABLE	2024-11-05T08:00:00.000Z
room-dinoyo-a-01	kost-dinoyo	rt-dinoyo-1	A-01	1	4x4 m	1750000	AC|Kamar Mandi Dalam|Water Heater|Kasur|Lemari|Meja Belajar|Kursi|TV|Kulkas	https://images.unsplash.com/photo-1586023492125-27b2c045efd7?w=1000&q=75|https://images.unsplash.com/photo-1616594039964-ae9021a400a0?w=1000&q=75|https://images.unsplash.com/photo-1617104678098-de229db51175?w=1000&q=75	OCCUPIED	2025-01-20T08:00:00.000Z
room-dinoyo-a-02	kost-dinoyo	rt-dinoyo-1	A-02	1	4x4 m	1750000	AC|Kamar Mandi Dalam|Water Heater|Kasur|Lemari|Meja Belajar|Kursi|TV|Kulkas	https://images.unsplash.com/photo-1586023492125-27b2c045efd7?w=1000&q=75|https://images.unsplash.com/photo-1616594039964-ae9021a400a0?w=1000&q=75|https://images.unsplash.com/photo-1617104678098-de229db51175?w=1000&q=75	OCCUPIED	2025-01-20T08:00:00.000Z
room-dinoyo-a-03	kost-dinoyo	rt-dinoyo-1	A-03	1	4x4 m	1750000	AC|Kamar Mandi Dalam|Water Heater|Kasur|Lemari|Meja Belajar|Kursi|TV|Kulkas	https://images.unsplash.com/photo-1586023492125-27b2c045efd7?w=1000&q=75|https://images.unsplash.com/photo-1616594039964-ae9021a400a0?w=1000&q=75|https://images.unsplash.com/photo-1617104678098-de229db51175?w=1000&q=75	AVAILABLE	2025-01-20T08:00:00.000Z
room-dinoyo-b-01	kost-dinoyo	rt-dinoyo-2	B-01	2	4x5 m	2100000	AC|Kamar Mandi Dalam|Water Heater|Kasur|Lemari|Meja Belajar|Kursi|TV|Kulkas|Balkon|Jendela Luar	https://images.unsplash.com/photo-1555854877-bab0e564b8d5?w=1000&q=75|https://images.unsplash.com/photo-1522708323590-d24dbb6b0267?w=1000&q=75|https://images.unsplash.com/photo-1502672260266-1c1ef2d93688?w=1000&q=75	OCCUPIED	2025-01-20T08:00:00.000Z
room-dinoyo-b-02	kost-dinoyo	rt-dinoyo-2	B-02	2	4x5 m	2100000	AC|Kamar Mandi Dalam|Water Heater|Kasur|Lemari|Meja Belajar|Kursi|TV|Kulkas|Balkon|Jendela Luar	https://images.unsplash.com/photo-1555854877-bab0e564b8d5?w=1000&q=75|https://images.unsplash.com/photo-1522708323590-d24dbb6b0267?w=1000&q=75|https://images.unsplash.com/photo-1502672260266-1c1ef2d93688?w=1000&q=75	AVAILABLE	2025-01-20T08:00:00.000Z
room-dinoyo-b-03	kost-dinoyo	rt-dinoyo-2	B-03	2	4x5 m	2100000	AC|Kamar Mandi Dalam|Water Heater|Kasur|Lemari|Meja Belajar|Kursi|TV|Kulkas|Balkon|Jendela Luar	https://images.unsplash.com/photo-1555854877-bab0e564b8d5?w=1000&q=75|https://images.unsplash.com/photo-1522708323590-d24dbb6b0267?w=1000&q=75|https://images.unsplash.com/photo-1502672260266-1c1ef2d93688?w=1000&q=75	AVAILABLE	2025-01-20T08:00:00.000Z
room-tlogomas-a-01	kost-tlogomas	rt-tlogomas-1	A-01	1	3x3 m	1050000	Kipas Angin|Kamar Mandi Dalam|Kasur|Lemari|Meja Belajar	https://images.unsplash.com/photo-1617104678098-de229db51175?w=1000&q=75|https://images.unsplash.com/photo-1554995207-c18c203602cb?w=1000&q=75|https://images.unsplash.com/photo-1484154218962-a197022b5858?w=1000&q=75	OCCUPIED	2025-09-12T08:00:00.000Z
room-tlogomas-a-02	kost-tlogomas	rt-tlogomas-1	A-02	1	3x3 m	1050000	Kipas Angin|Kamar Mandi Dalam|Kasur|Lemari|Meja Belajar	https://images.unsplash.com/photo-1617104678098-de229db51175?w=1000&q=75|https://images.unsplash.com/photo-1554995207-c18c203602cb?w=1000&q=75|https://images.unsplash.com/photo-1484154218962-a197022b5858?w=1000&q=75	OCCUPIED	2025-09-12T08:00:00.000Z
room-tlogomas-a-03	kost-tlogomas	rt-tlogomas-1	A-03	1	3x3 m	1050000	Kipas Angin|Kamar Mandi Dalam|Kasur|Lemari|Meja Belajar	https://images.unsplash.com/photo-1617104678098-de229db51175?w=1000&q=75|https://images.unsplash.com/photo-1554995207-c18c203602cb?w=1000&q=75|https://images.unsplash.com/photo-1484154218962-a197022b5858?w=1000&q=75	OCCUPIED	2025-09-12T08:00:00.000Z
room-tlogomas-b-01	kost-tlogomas	rt-tlogomas-2	B-01	2	3x4 m	1250000	AC|Kamar Mandi Dalam|Water Heater|Kasur|Lemari|Meja Belajar|Kursi	https://images.unsplash.com/photo-1502672260266-1c1ef2d93688?w=1000&q=75|https://images.unsplash.com/photo-1560448204-e02f11c3d0e2?w=1000&q=75|https://images.unsplash.com/photo-1505691938895-1758d7feb511?w=1000&q=75	AVAILABLE	2025-09-12T08:00:00.000Z
room-tlogomas-b-02	kost-tlogomas	rt-tlogomas-2	B-02	2	3x4 m	1250000	AC|Kamar Mandi Dalam|Water Heater|Kasur|Lemari|Meja Belajar|Kursi	https://images.unsplash.com/photo-1502672260266-1c1ef2d93688?w=1000&q=75|https://images.unsplash.com/photo-1560448204-e02f11c3d0e2?w=1000&q=75|https://images.unsplash.com/photo-1505691938895-1758d7feb511?w=1000&q=75	OCCUPIED	2025-09-12T08:00:00.000Z
room-tlogomas-b-03	kost-tlogomas	rt-tlogomas-2	B-03	2	3x4 m	1250000	AC|Kamar Mandi Dalam|Water Heater|Kasur|Lemari|Meja Belajar|Kursi	https://images.unsplash.com/photo-1502672260266-1c1ef2d93688?w=1000&q=75|https://images.unsplash.com/photo-1560448204-e02f11c3d0e2?w=1000&q=75|https://images.unsplash.com/photo-1505691938895-1758d7feb511?w=1000&q=75	AVAILABLE	2025-09-12T08:00:00.000Z
room-joyo-a-01	kost-joyo	rt-joyo-1	A-01	1	3x3 m	900000	Kipas Angin|Kasur|Lemari|Meja Belajar|Kursi	https://images.unsplash.com/photo-1484154218962-a197022b5858?w=1000&q=75|https://images.unsplash.com/photo-1555854877-bab0e564b8d5?w=1000&q=75|https://images.unsplash.com/photo-1522708323590-d24dbb6b0267?w=1000&q=75	OCCUPIED	2024-07-01T08:00:00.000Z
room-joyo-a-02	kost-joyo	rt-joyo-1	A-02	1	3x3 m	900000	Kipas Angin|Kasur|Lemari|Meja Belajar|Kursi	https://images.unsplash.com/photo-1484154218962-a197022b5858?w=1000&q=75|https://images.unsplash.com/photo-1555854877-bab0e564b8d5?w=1000&q=75|https://images.unsplash.com/photo-1522708323590-d24dbb6b0267?w=1000&q=75	OCCUPIED	2024-07-01T08:00:00.000Z
room-joyo-a-03	kost-joyo	rt-joyo-1	A-03	1	3x3 m	900000	Kipas Angin|Kasur|Lemari|Meja Belajar|Kursi	https://images.unsplash.com/photo-1484154218962-a197022b5858?w=1000&q=75|https://images.unsplash.com/photo-1555854877-bab0e564b8d5?w=1000&q=75|https://images.unsplash.com/photo-1522708323590-d24dbb6b0267?w=1000&q=75	OCCUPIED	2024-07-01T08:00:00.000Z
room-joyo-b-01	kost-joyo	rt-joyo-2	B-01	2	3x4 m	1050000	Kipas Angin|Kamar Mandi Dalam|Kasur|Lemari|Meja Belajar|Kursi	https://images.unsplash.com/photo-1505691938895-1758d7feb511?w=1000&q=75|https://images.unsplash.com/photo-1493809842364-78817add7ffb?w=1000&q=75|https://images.unsplash.com/photo-1600607687939-ce8a6c25118c?w=1000&q=75	OCCUPIED	2024-07-01T08:00:00.000Z
room-joyo-b-02	kost-joyo	rt-joyo-2	B-02	2	3x4 m	1050000	Kipas Angin|Kamar Mandi Dalam|Kasur|Lemari|Meja Belajar|Kursi	https://images.unsplash.com/photo-1505691938895-1758d7feb511?w=1000&q=75|https://images.unsplash.com/photo-1493809842364-78817add7ffb?w=1000&q=75|https://images.unsplash.com/photo-1600607687939-ce8a6c25118c?w=1000&q=75	OCCUPIED	2024-07-01T08:00:00.000Z
room-joyo-b-03	kost-joyo	rt-joyo-2	B-03	2	3x4 m	1050000	Kipas Angin|Kamar Mandi Dalam|Kasur|Lemari|Meja Belajar|Kursi	https://images.unsplash.com/photo-1505691938895-1758d7feb511?w=1000&q=75|https://images.unsplash.com/photo-1493809842364-78817add7ffb?w=1000&q=75|https://images.unsplash.com/photo-1600607687939-ce8a6c25118c?w=1000&q=75	OCCUPIED	2024-07-01T08:00:00.000Z
